caseKey,caseName,caseDescription,scenarioKey,scenario,segmentType,segmentKey,totalCases,reviewedCases,reviewRate,legalStability,rightsProtection,shadowDocketAbuse,emergencyReliefRate,meritsInvalidationRate,legitimacy,constitutionalConflict,democraticResponsiveness,complianceRate,defianceRate,workaroundRate,repeatedLitigationRate,publicTrust,legislativeConflict,courtCurbingPressure,amendmentPressure
baseline,Baseline,Moderately polarized appointment environment with ordinary constitutional-review pressure.,current-federal-court,Current-style federal supreme court,period,1,2400,2400,1.000,0.863,0.725,0.333,0.376,0.212,0.666,0.194,0.445,0.696,0.077,0.060,0.108,0.296,0.341,0.139,0.089
baseline,Baseline,Moderately polarized appointment environment with ordinary constitutional-review pressure.,current-federal-court,Current-style federal supreme court,period,2,2400,2399,1.000,0.868,0.726,0.338,0.334,0.191,0.633,0.192,0.447,0.707,0.075,0.072,0.108,0.034,0.227,0.196,0.139
baseline,Baseline,Moderately polarized appointment environment with ordinary constitutional-review pressure.,current-federal-court,Current-style federal supreme court,period,3,2400,2398,0.999,0.865,0.723,0.340,0.342,0.207,0.628,0.196,0.446,0.688,0.077,0.093,0.105,0.010,0.169,0.215,0.192
baseline,Baseline,Moderately polarized appointment environment with ordinary constitutional-review pressure.,current-federal-court,Current-style federal supreme court,period,4,2400,2397,0.999,0.866,0.723,0.332,0.350,0.207,0.629,0.193,0.446,0.721,0.073,0.083,0.095,0.011,0.139,0.213,0.236
baseline,Baseline,Moderately polarized appointment environment with ordinary constitutional-review pressure.,eighteen-year-terms,Staggered 18-year nonrenewable terms,period,1,2400,2397,0.999,0.871,0.726,0.328,0.342,0.183,0.677,0.190,0.449,0.713,0.073,0.058,0.099,0.322,0.320,0.114,0.078
baseline,Baseline,Moderately polarized appointment environment with ordinary constitutional-review pressure.,eighteen-year-terms,Staggered 18-year nonrenewable terms,period,2,2400,2398,0.999,0.875,0.725,0.335,0.322,0.156,0.642,0.189,0.449,0.724,0.062,0.056,0.093,0.050,0.181,0.137,0.107
baseline,Baseline,Moderately polarized appointment environment with ordinary constitutional-review pressure.,eighteen-year-terms,Staggered 18-year nonrenewable terms,period,3,2400,2400,1.000,0.872,0.725,0.333,0.306,0.183,0.637,0.192,0.450,0.729,0.069,0.068,0.093,0.014,0.120,0.138,0.146
baseline,Baseline,Moderately polarized appointment environment with ordinary constitutional-review pressure.,eighteen-year-terms,Staggered 18-year nonrenewable terms,period,4,2400,2400,1.000,0.872,0.723,0.335,0.325,0.179,0.635,0.192,0.449,0.725,0.070,0.070,0.097,0.011,0.088,0.117,0.180
baseline,Baseline,Moderately polarized appointment environment with ordinary constitutional-review pressure.,fifteen-justice-commission,Fifteen-justice supermajority commission court,period,1,2400,2396,0.998,0.950,0.740,0.056,0.165,0.176,0.809,0.110,0.470,0.815,0.026,0.038,0.060,0.610,0.161,0.038,0.022
baseline,Baseline,Moderately polarized appointment environment with ordinary constitutional-review pressure.,fifteen-justice-commission,Fifteen-justice supermajority commission court,period,2,2400,2398,0.999,0.955,0.741,0.053,0.161,0.159,0.822,0.106,0.470,0.863,0.011,0.027,0.036,0.707,0.005,0.005,0.005
baseline,Baseline,Moderately polarized appointment environment with ordinary constitutional-review pressure.,fifteen-justice-commission,Fifteen-justice supermajority commission court,period,3,2400,2398,0.999,0.954,0.739,0.052,0.170,0.161,0.833,0.107,0.470,0.869,0.008,0.033,0.042,0.799,0.003,0.004,0.004
baseline,Baseline,Moderately polarized appointment environment with ordinary constitutional-review pressure.,fifteen-justice-commission,Fifteen-justice supermajority commission court,period,4,2400,2398,0.999,0.950,0.738,0.056,0.190,0.177,0.836,0.109,0.471,0.868,0.011,0.029,0.043,0.837,0.003,0.004,0.003
baseline,Baseline,Moderately polarized appointment environment with ordinary constitutional-review pressure.,supermajority-invalidation,Supermajority required to invalidate laws,period,1,2400,2396,0.998,0.959,0.734,0.056,0.185,0.142,0.786,0.108,0.467,0.798,0.027,0.040,0.061,0.598,0.160,0.037,0.022
baseline,Baseline,Moderately polarized appointment environment with ordinary constitutional-review pressure.,supermajority-invalidation,Supermajority required to invalidate laws,period,2,2400,2398,0.999,0.962,0.736,0.059,0.191,0.132,0.796,0.106,0.466,0.862,0.015,0.033,0.038,0.669,0.005,0.005,0.004
baseline,Baseline,Moderately polarized appointment environment with ordinary constitutional-review pressure.,supermajority-invalidation,Supermajority required to invalidate laws,period,3,2400,2396,0.998,0.961,0.734,0.057,0.178,0.135,0.803,0.107,0.468,0.871,0.010,0.028,0.035,0.745,0.003,0.003,0.002
baseline,Baseline,Moderately polarized appointment environment with ordinary constitutional-review pressure.,supermajority-invalidation,Supermajority required to invalidate laws,period,4,2400,2398,0.999,0.960,0.732,0.057,0.174,0.144,0.809,0.108,0.468,0.876,0.010,0.023,0.038,0.786,0.003,0.004,0.003
baseline,Baseline,Moderately polarized appointment environment with ordinary constitutional-review pressure.,strict-recusal-court,Strict recusal with substitute justices,period,1,2400,2398,0.999,0.950,0.739,0.056,0.161,0.173,0.829,0.109,0.470,0.828,0.025,0.042,0.061,0.633,0.154,0.036,0.018
baseline,Baseline,Moderately polarized appointment environment with ordinary constitutional-review pressure.,strict-recusal-court,Strict recusal with substitute justices,period,2,2400,2398,0.999,0.958,0.738,0.054,0.169,0.141,0.848,0.105,0.470,0.858,0.012,0.031,0.040,0.770,0.004,0.004,0.003
baseline,Baseline,Moderately polarized appointment environment with ordinary constitutional-review pressure.,strict-recusal-court,Strict recusal with substitute justices,period,3,2400,2396,0.998,0.954,0.737,0.057,0.151,0.153,0.858,0.108,0.471,0.890,0.006,0.025,0.035,0.870,0.002,0.003,0.002
baseline,Baseline,Moderately polarized appointment environment with ordinary constitutional-review pressure.,strict-recusal-court,Strict recusal with substitute justices,period,4,2400,2399,1.000,0.953,0.736,0.054,0.190,0.162,0.864,0.108,0.471,0.878,0.008,0.025,0.035,0.910,0.003,0.004,0.002
baseline,Baseline,Moderately polarized appointment environment with ordinary constitutional-review pressure.,reasoned-emergency-review,Reasoned emergency orders with merits follow-up,period,1,2400,2398,0.999,0.953,0.745,0.002,0.189,0.203,0.846,0.097,0.471,0.820,0.021,0.041,0.050,0.645,0.152,0.041,0.015
baseline,Baseline,Moderately polarized appointment environment with ordinary constitutional-review pressure.,reasoned-emergency-review,Reasoned emergency orders with merits follow-up,period,2,2400,2397,0.999,0.959,0.744,0.002,0.201,0.181,0.865,0.094,0.471,0.880,0.008,0.026,0.036,0.800,0.004,0.008,0.002
baseline,Baseline,Moderately polarized appointment environment with ordinary constitutional-review pressure.,reasoned-emergency-review,Reasoned emergency orders with merits follow-up,period,3,2400,2400,1.000,0.955,0.743,0.002,0.191,0.197,0.877,0.097,0.471,0.880,0.008,0.024,0.047,0.898,0.003,0.004,0.002
baseline,Baseline,Moderately polarized appointment environment with ordinary constitutional-review pressure.,reasoned-emergency-review,Reasoned emergency orders with merits follow-up,period,4,2400,2398,0.999,0.954,0.743,0.002,0.189,0.201,0.882,0.097,0.472,0.888,0.003,0.028,0.037,0.938,0.003,0.005,0.001
baseline,Baseline,Moderately polarized appointment environment with ordinary constitutional-review pressure.,panel-en-banc-review,Panel review with en banc safety valve,period,1,2400,2400,1.000,0.947,0.742,0.056,0.184,0.192,0.821,0.111,0.470,0.808,0.034,0.035,0.061,0.608,0.163,0.041,0.021
baseline,Baseline,Moderately polarized appointment environment with ordinary constitutional-review pressure.,panel-en-banc-review,Panel review with en banc safety valve,period,2,2400,2400,1.000,0.954,0.741,0.052,0.161,0.168,0.835,0.106,0.470,0.855,0.015,0.031,0.049,0.706,0.005,0.007,0.006
baseline,Baseline,Moderately polarized appointment environment with ordinary constitutional-review pressure.,panel-en-banc-review,Panel review with en banc safety valve,period,3,2400,2400,1.000,0.949,0.740,0.056,0.179,0.180,0.842,0.110,0.471,0.862,0.010,0.030,0.041,0.776,0.003,0.004,0.004
baseline,Baseline,Moderately polarized appointment environment with ordinary constitutional-review pressure.,panel-en-banc-review,Panel review with en banc safety valve,period,4,2400,2400,1.000,0.950,0.739,0.055,0.170,0.181,0.848,0.109,0.472,0.885,0.008,0.019,0.035,0.827,0.003,0.004,0.002
baseline,Baseline,Moderately polarized appointment environment with ordinary constitutional-review pressure.,dual-cross-checking-courts,Dual supreme courts with cross-checking invalidations,period,1,2400,2400,1.000,0.967,0.738,0.002,0.136,0.134,0.855,0.104,0.472,0.831,0.024,0.029,0.056,0.681,0.138,0.026,0.017
baseline,Baseline,Moderately polarized appointment environment with ordinary constitutional-review pressure.,dual-cross-checking-courts,Dual supreme courts with cross-checking invalidations,period,2,2400,2400,1.000,0.973,0.737,0.002,0.100,0.113,0.880,0.100,0.471,0.883,0.009,0.020,0.034,0.877,0.002,0.002,0.002
baseline,Baseline,Moderately polarized appointment environment with ordinary constitutional-review pressure.,dual-cross-checking-courts,Dual supreme courts with cross-checking invalidations,period,3,2400,2400,1.000,0.969,0.737,0.002,0.104,0.127,0.890,0.102,0.472,0.904,0.004,0.023,0.027,0.958,0.002,0.002,0.001
baseline,Baseline,Moderately polarized appointment environment with ordinary constitutional-review pressure.,dual-cross-checking-courts,Dual supreme courts with cross-checking invalidations,period,4,2400,2400,1.000,0.968,0.736,0.002,0.128,0.131,0.892,0.103,0.472,0.895,0.005,0.019,0.031,0.976,0.002,0.002,0.001
baseline,Baseline,Moderately polarized appointment environment with ordinary constitutional-review pressure.,constitutional-council,Pre-enactment constitutional council,period,1,2400,2400,1.000,0.981,0.731,0.054,0.168,0.113,0.855,0.104,0.469,0.819,0.026,0.031,0.050,0.681,0.134,0.022,0.017
baseline,Baseline,Moderately polarized appointment environment with ordinary constitutional-review pressure.,constitutional-council,Pre-enactment constitutional council,period,2,2400,2400,1.000,0.983,0.732,0.053,0.147,0.097,0.879,0.101,0.468,0.867,0.008,0.023,0.051,0.868,0.002,0.002,0.002
baseline,Baseline,Moderately polarized appointment environment with ordinary constitutional-review pressure.,constitutional-council,Pre-enactment constitutional council,period,3,2400,2400,1.000,0.981,0.732,0.055,0.172,0.114,0.889,0.105,0.469,0.873,0.007,0.024,0.040,0.950,0.002,0.002,0.002
baseline,Baseline,Moderately polarized appointment environment with ordinary constitutional-review pressure.,constitutional-council,Pre-enactment constitutional council,period,4,2400,2400,1.000,0.981,0.730,0.053,0.182,0.116,0.891,0.104,0.469,0.893,0.005,0.021,0.033,0.975,0.002,0.002,0.001
baseline,Baseline,Moderately polarized appointment environment with ordinary constitutional-review pressure.,legislative-override-court,Judicial review with delayed legislative override,period,1,2400,2398,0.999,0.945,0.739,0.058,0.168,0.181,0.800,0.111,0.471,0.796,0.035,0.043,0.065,0.586,0.168,0.041,0.024
baseline,Baseline,Moderately polarized appointment environment with ordinary constitutional-review pressure.,legislative-override-court,Judicial review with delayed legislative override,period,2,2400,2397,0.999,0.950,0.739,0.056,0.200,0.157,0.810,0.107,0.469,0.870,0.013,0.025,0.040,0.660,0.005,0.005,0.004
baseline,Baseline,Moderately polarized appointment environment with ordinary constitutional-review pressure.,legislative-override-court,Judicial review with delayed legislative override,period,3,2400,2394,0.998,0.946,0.737,0.061,0.161,0.173,0.817,0.111,0.471,0.865,0.013,0.026,0.044,0.732,0.004,0.004,0.003
baseline,Baseline,Moderately polarized appointment environment with ordinary constitutional-review pressure.,legislative-override-court,Judicial review with delayed legislative override,period,4,2400,2398,0.999,0.945,0.737,0.053,0.197,0.187,0.823,0.110,0.472,0.872,0.010,0.029,0.038,0.772,0.004,0.005,0.003
baseline,Baseline,Moderately polarized appointment environment with ordinary constitutional-review pressure.,accountability-retention-court,Retention-election accountability court,period,1,2400,2398,0.999,0.961,0.724,0.052,0.101,0.086,0.823,0.104,0.469,0.786,0.035,0.035,0.074,0.654,0.137,0.022,0.022
baseline,Baseline,Moderately polarized appointment environment with ordinary constitutional-review pressure.,accountability-retention-court,Retention-election accountability court,period,2,2400,2397,0.999,0.965,0.727,0.051,0.089,0.076,0.845,0.100,0.468,0.856,0.013,0.025,0.047,0.823,0.002,0.002,0.003
baseline,Baseline,Moderately polarized appointment environment with ordinary constitutional-review pressure.,accountability-retention-court,Retention-election accountability court,period,3,2400,2398,0.999,0.962,0.725,0.053,0.082,0.086,0.856,0.104,0.471,0.874,0.005,0.027,0.038,0.922,0.002,0.002,0.002
baseline,Baseline,Moderately polarized appointment environment with ordinary constitutional-review pressure.,accountability-retention-court,Retention-election accountability court,period,4,2400,2399,1.000,0.961,0.723,0.050,0.083,0.092,0.859,0.104,0.471,0.873,0.005,0.022,0.040,0.944,0.002,0.002,0.002
baseline,Baseline,Moderately polarized appointment environment with ordinary constitutional-review pressure.,independence-accountability-hybrid,Hybrid court balancing independence and accountability,period,1,2400,2400,1.000,0.967,0.742,0.001,0.144,0.164,0.859,0.094,0.473,0.840,0.020,0.035,0.052,0.689,0.137,0.029,0.015
baseline,Baseline,Moderately polarized appointment environment with ordinary constitutional-review pressure.,independence-accountability-hybrid,Hybrid court balancing independence and accountability,period,2,2400,2400,1.000,0.971,0.741,0.001,0.145,0.143,0.885,0.090,0.471,0.896,0.008,0.023,0.035,0.893,0.002,0.003,0.002
baseline,Baseline,Moderately polarized appointment environment with ordinary constitutional-review pressure.,independence-accountability-hybrid,Hybrid court balancing independence and accountability,period,3,2400,2400,1.000,0.970,0.738,0.001,0.148,0.144,0.893,0.092,0.472,0.891,0.006,0.020,0.033,0.962,0.002,0.003,0.001
baseline,Baseline,Moderately polarized appointment environment with ordinary constitutional-review pressure.,independence-accountability-hybrid,Hybrid court balancing independence and accountability,period,4,2400,2400,1.000,0.967,0.739,0.002,0.177,0.161,0.894,0.094,0.473,0.896,0.006,0.025,0.034,0.977,0.002,0.003,0.001
polarized-appointments,Polarized appointments,"High appointment polarization, higher partisan pressure, and lower public trust.",current-federal-court,Current-style federal supreme court,period,1,2400,2399,1.000,0.843,0.712,0.358,0.471,0.249,0.597,0.214,0.434,0.649,0.100,0.074,0.129,0.148,0.416,0.211,0.128
polarized-appointments,Polarized appointments,"High appointment polarization, higher partisan pressure, and lower public trust.",current-federal-court,Current-style federal supreme court,period,2,2400,2399,1.000,0.843,0.715,0.358,0.470,0.257,0.579,0.213,0.437,0.584,0.132,0.111,0.138,0.007,0.470,0.506,0.270
polarized-appointments,Polarized appointments,"High appointment polarization, higher partisan pressure, and lower public trust.",current-federal-court,Current-style federal supreme court,period,3,2400,2395,0.998,0.844,0.713,0.355,0.492,0.246,0.579,0.211,0.430,0.493,0.177,0.147,0.185,0.005,0.533,0.733,0.460
polarized-appointments,Polarized appointments,"High appointment polarization, higher partisan pressure, and lower public trust.",current-federal-court,Current-style federal supreme court,period,4,2400,2397,0.999,0.843,0.713,0.352,0.466,0.257,0.579,0.211,0.432,0.434,0.192,0.157,0.194,0.003,0.601,0.826,0.654
polarized-appointments,Polarized appointments,"High appointment polarization, higher partisan pressure, and lower public trust.",eighteen-year-terms,Staggered 18-year nonrenewable terms,period,1,2400,2397,0.999,0.854,0.715,0.343,0.414,0.223,0.610,0.206,0.441,0.665,0.089,0.068,0.114,0.162,0.388,0.181,0.111
polarized-appointments,Polarized appointments,"High appointment polarization, higher partisan pressure, and lower public trust.",eighteen-year-terms,Staggered 18-year nonrenewable terms,period,2,2400,2398,0.999,0.853,0.720,0.355,0.385,0.223,0.589,0.208,0.444,0.609,0.140,0.096,0.141,0.006,0.385,0.376,0.236
polarized-appointments,Polarized appointments,"High appointment polarization, higher partisan pressure, and lower public trust.",eighteen-year-terms,Staggered 18-year nonrenewable terms,period,3,2400,2398,0.999,0.852,0.715,0.353,0.444,0.211,0.588,0.208,0.435,0.548,0.158,0.123,0.154,0.005,0.398,0.543,0.399
polarized-appointments,Polarized appointments,"High appointment polarization, higher partisan pressure, and lower public trust.",eighteen-year-terms,Staggered 18-year nonrenewable terms,period,4,2400,2399,1.000,0.852,0.715,0.346,0.413,0.234,0.588,0.207,0.438,0.492,0.154,0.150,0.180,0.004,0.427,0.651,0.563
polarized-appointments,Polarized appointments,"High appointment polarization, higher partisan pressure, and lower public trust.",fifteen-justice-commission,Fifteen-justice supermajority commission court,period,1,2400,2398,0.999,0.943,0.738,0.061,0.227,0.191,0.746,0.120,0.470,0.753,0.048,0.044,0.074,0.389,0.198,0.058,0.032
polarized-appointments,Polarized appointments,"High appointment polarization, higher partisan pressure, and lower public trust.",fifteen-justice-commission,Fifteen-justice supermajority commission court,period,2,2400,2397,0.999,0.941,0.743,0.056,0.224,0.209,0.736,0.118,0.474,0.818,0.027,0.045,0.053,0.288,0.014,0.018,0.010
polarized-appointments,Polarized appointments,"High appointment polarization, higher partisan pressure, and lower public trust.",fifteen-justice-commission,Fifteen-justice supermajority commission court,period,3,2400,2395,0.998,0.942,0.740,0.057,0.230,0.201,0.728,0.119,0.465,0.820,0.028,0.048,0.063,0.236,0.007,0.008,0.009
polarized-appointments,Polarized appointments,"High appointment polarization, higher partisan pressure, and lower public trust.",fifteen-justice-commission,Fifteen-justice supermajority commission court,period,4,2400,2399,1.000,0.940,0.739,0.056,0.221,0.213,0.724,0.119,0.467,0.827,0.028,0.043,0.053,0.201,0.007,0.008,0.008
polarized-appointments,Polarized appointments,"High appointment polarization, higher partisan pressure, and lower public trust.",supermajority-invalidation,Supermajority required to invalidate laws,period,1,2400,2399,1.000,0.947,0.734,0.062,0.275,0.178,0.719,0.120,0.467,0.769,0.048,0.033,0.070,0.376,0.208,0.067,0.036
polarized-appointments,Polarized appointments,"High appointment polarization, higher partisan pressure, and lower public trust.",supermajority-invalidation,Supermajority required to invalidate laws,period,2,2400,2400,1.000,0.948,0.737,0.059,0.246,0.179,0.705,0.118,0.468,0.808,0.035,0.050,0.053,0.253,0.019,0.025,0.015
polarized-appointments,Polarized appointments,"High appointment polarization, higher partisan pressure, and lower public trust.",supermajority-invalidation,Supermajority required to invalidate laws,period,3,2400,2397,0.999,0.947,0.735,0.060,0.282,0.181,0.696,0.119,0.462,0.827,0.029,0.043,0.055,0.188,0.008,0.011,0.011
polarized-appointments,Polarized appointments,"High appointment polarization, higher partisan pressure, and lower public trust.",supermajority-invalidation,Supermajority required to invalidate laws,period,4,2400,2400,1.000,0.948,0.733,0.056,0.253,0.179,0.692,0.118,0.462,0.826,0.030,0.044,0.058,0.155,0.007,0.007,0.011
polarized-appointments,Polarized appointments,"High appointment polarization, higher partisan pressure, and lower public trust.",strict-recusal-court,Strict recusal with substitute justices,period,1,2400,2396,0.998,0.945,0.736,0.060,0.214,0.179,0.768,0.119,0.469,0.778,0.039,0.045,0.070,0.426,0.183,0.046,0.029
polarized-appointments,Polarized appointments,"High appointment polarization, higher partisan pressure, and lower public trust.",strict-recusal-court,Strict recusal with substitute justices,period,2,2400,2394,0.998,0.942,0.741,0.058,0.206,0.198,0.762,0.118,0.473,0.817,0.024,0.038,0.055,0.368,0.009,0.009,0.008
polarized-appointments,Polarized appointments,"High appointment polarization, higher partisan pressure, and lower public trust.",strict-recusal-court,Strict recusal with substitute justices,period,3,2400,2395,0.998,0.944,0.737,0.055,0.249,0.182,0.759,0.117,0.465,0.831,0.020,0.049,0.050,0.346,0.006,0.006,0.008
polarized-appointments,Polarized appointments,"High appointment polarization, higher partisan pressure, and lower public trust.",strict-recusal-court,Strict recusal with substitute justices,period,4,2400,2399,1.000,0.941,0.738,0.056,0.209,0.200,0.758,0.118,0.466,0.845,0.025,0.043,0.052,0.339,0.006,0.006,0.007
polarized-appointments,Polarized appointments,"High appointment polarization, higher partisan pressure, and lower public trust.",reasoned-emergency-review,Reasoned emergency orders with merits follow-up,period,1,2400,2396,0.998,0.947,0.743,0.002,0.231,0.221,0.782,0.107,0.472,0.774,0.045,0.054,0.078,0.434,0.186,0.062,0.027
polarized-appointments,Polarized appointments,"High appointment polarization, higher partisan pressure, and lower public trust.",reasoned-emergency-review,Reasoned emergency orders with merits follow-up,period,2,2400,2396,0.998,0.943,0.747,0.002,0.208,0.239,0.778,0.107,0.473,0.824,0.021,0.043,0.056,0.397,0.012,0.019,0.007
polarized-appointments,Polarized appointments,"High appointment polarization, higher partisan pressure, and lower public trust.",reasoned-emergency-review,Reasoned emergency orders with merits follow-up,period,3,2400,2397,0.999,0.942,0.744,0.003,0.293,0.239,0.777,0.108,0.467,0.848,0.018,0.041,0.041,0.395,0.007,0.010,0.005
polarized-appointments,Polarized appointments,"High appointment polarization, higher partisan pressure, and lower public trust.",reasoned-emergency-review,Reasoned emergency orders with merits follow-up,period,4,2400,2400,1.000,0.942,0.743,0.002,0.235,0.243,0.778,0.108,0.467,0.856,0.020,0.041,0.048,0.403,0.007,0.009,0.005
polarized-appointments,Polarized appointments,"High appointment polarization, higher partisan pressure, and lower public trust.",panel-en-banc-review,Panel review with en banc safety valve,period,1,2400,2400,1.000,0.944,0.739,0.055,0.193,0.194,0.765,0.119,0.471,0.780,0.041,0.048,0.066,0.423,0.187,0.050,0.029
polarized-appointments,Polarized appointments,"High appointment polarization, higher partisan pressure, and lower public trust.",panel-en-banc-review,Panel review with en banc safety valve,period,2,2400,2400,1.000,0.939,0.744,0.057,0.191,0.220,0.756,0.120,0.474,0.803,0.029,0.047,0.066,0.351,0.013,0.014,0.013
polarized-appointments,Polarized appointments,"High appointment polarization, higher partisan pressure, and lower public trust.",panel-en-banc-review,Panel review with en banc safety valve,period,3,2400,2400,1.000,0.941,0.741,0.054,0.199,0.209,0.752,0.118,0.467,0.823,0.024,0.048,0.057,0.312,0.006,0.007,0.010
polarized-appointments,Polarized appointments,"High appointment polarization, higher partisan pressure, and lower public trust.",panel-en-banc-review,Panel review with en banc safety valve,period,4,2400,2400,1.000,0.939,0.740,0.057,0.209,0.220,0.747,0.120,0.466,0.839,0.028,0.042,0.048,0.291,0.007,0.007,0.009
polarized-appointments,Polarized appointments,"High appointment polarization, higher partisan pressure, and lower public trust.",dual-cross-checking-courts,Dual supreme courts with cross-checking invalidations,period,1,2400,2400,1.000,0.964,0.736,0.003,0.150,0.144,0.798,0.114,0.472,0.803,0.036,0.036,0.053,0.487,0.159,0.033,0.022
polarized-appointments,Polarized appointments,"High appointment polarization, higher partisan pressure, and lower public trust.",dual-cross-checking-courts,Dual supreme courts with cross-checking invalidations,period,2,2400,2400,1.000,0.961,0.741,0.003,0.210,0.158,0.806,0.113,0.475,0.849,0.014,0.030,0.045,0.553,0.005,0.005,0.004
polarized-appointments,Polarized appointments,"High appointment polarization, higher partisan pressure, and lower public trust.",dual-cross-checking-courts,Dual supreme courts with cross-checking invalidations,period,3,2400,2400,1.000,0.964,0.737,0.003,0.176,0.146,0.815,0.114,0.467,0.875,0.015,0.023,0.043,0.634,0.004,0.004,0.004
polarized-appointments,Polarized appointments,"High appointment polarization, higher partisan pressure, and lower public trust.",dual-cross-checking-courts,Dual supreme courts with cross-checking invalidations,period,4,2400,2400,1.000,0.963,0.736,0.002,0.128,0.147,0.826,0.113,0.468,0.875,0.008,0.023,0.042,0.727,0.003,0.003,0.002
polarized-appointments,Polarized appointments,"High appointment polarization, higher partisan pressure, and lower public trust.",constitutional-council,Pre-enactment constitutional council,period,1,2400,2400,1.000,0.978,0.730,0.056,0.176,0.128,0.797,0.114,0.470,0.788,0.032,0.037,0.066,0.481,0.158,0.032,0.023
polarized-appointments,Polarized appointments,"High appointment polarization, higher partisan pressure, and lower public trust.",constitutional-council,Pre-enactment constitutional council,period,2,2400,2400,1.000,0.978,0.734,0.054,0.212,0.139,0.806,0.113,0.471,0.832,0.022,0.038,0.054,0.540,0.004,0.004,0.006
polarized-appointments,Polarized appointments,"High appointment polarization, higher partisan pressure, and lower public trust.",constitutional-council,Pre-enactment constitutional council,period,3,2400,2400,1.000,0.978,0.732,0.054,0.229,0.132,0.815,0.113,0.464,0.849,0.015,0.030,0.048,0.624,0.003,0.003,0.005
polarized-appointments,Polarized appointments,"High appointment polarization, higher partisan pressure, and lower public trust.",constitutional-council,Pre-enactment constitutional council,period,4,2400,2400,1.000,0.978,0.731,0.055,0.185,0.140,0.823,0.114,0.464,0.844,0.019,0.032,0.053,0.698,0.003,0.003,0.006
polarized-appointments,Polarized appointments,"High appointment polarization, higher partisan pressure, and lower public trust.",legislative-override-court,Judicial review with delayed legislative override,period,1,2400,2397,0.999,0.933,0.737,0.060,0.234,0.213,0.735,0.123,0.471,0.771,0.047,0.046,0.066,0.369,0.213,0.071,0.035
polarized-appointments,Polarized appointments,"High appointment polarization, higher partisan pressure, and lower public trust.",legislative-override-court,Judicial review with delayed legislative override,period,2,2400,2399,1.000,0.932,0.742,0.062,0.248,0.220,0.720,0.122,0.471,0.814,0.026,0.053,0.060,0.242,0.021,0.026,0.015
polarized-appointments,Polarized appointments,"High appointment polarization, higher partisan pressure, and lower public trust.",legislative-override-court,Judicial review with delayed legislative override,period,3,2400,2399,1.000,0.932,0.739,0.056,0.284,0.217,0.712,0.121,0.465,0.808,0.033,0.056,0.054,0.172,0.010,0.011,0.011
polarized-appointments,Polarized appointments,"High appointment polarization, higher partisan pressure, and lower public trust.",legislative-override-court,Judicial review with delayed legislative override,period,4,2400,2396,0.998,0.929,0.737,0.057,0.269,0.230,0.705,0.122,0.466,0.838,0.030,0.044,0.048,0.134,0.010,0.011,0.009
polarized-appointments,Polarized appointments,"High appointment polarization, higher partisan pressure, and lower public trust.",accountability-retention-court,Retention-election accountability court,period,1,2400,2397,0.999,0.949,0.725,0.058,0.116,0.116,0.759,0.116,0.472,0.763,0.038,0.046,0.079,0.441,0.168,0.033,0.032
polarized-appointments,Polarized appointments,"High appointment polarization, higher partisan pressure, and lower public trust.",accountability-retention-court,Retention-election accountability court,period,2,2400,2396,0.998,0.950,0.726,0.052,0.119,0.119,0.759,0.114,0.473,0.819,0.023,0.036,0.054,0.431,0.006,0.004,0.011
polarized-appointments,Polarized appointments,"High appointment polarization, higher partisan pressure, and lower public trust.",accountability-retention-court,Retention-election accountability court,period,3,2400,2396,0.998,0.950,0.726,0.054,0.135,0.119,0.762,0.114,0.467,0.821,0.024,0.032,0.059,0.455,0.004,0.004,0.008
polarized-appointments,Polarized appointments,"High appointment polarization, higher partisan pressure, and lower public trust.",accountability-retention-court,Retention-election accountability court,period,4,2400,2398,0.999,0.948,0.724,0.055,0.125,0.123,0.763,0.115,0.467,0.836,0.018,0.032,0.051,0.473,0.004,0.003,0.006
polarized-appointments,Polarized appointments,"High appointment polarization, higher partisan pressure, and lower public trust.",independence-accountability-hybrid,Hybrid court balancing independence and accountability,period,1,2400,2400,1.000,0.963,0.739,0.002,0.210,0.174,0.799,0.103,0.473,0.785,0.042,0.039,0.067,0.474,0.164,0.042,0.024
polarized-appointments,Polarized appointments,"High appointment polarization, higher partisan pressure, and lower public trust.",independence-accountability-hybrid,Hybrid court balancing independence and accountability,period,2,2400,2400,1.000,0.962,0.743,0.001,0.183,0.183,0.807,0.102,0.476,0.837,0.016,0.038,0.049,0.538,0.005,0.007,0.004
polarized-appointments,Polarized appointments,"High appointment polarization, higher partisan pressure, and lower public trust.",independence-accountability-hybrid,Hybrid court balancing independence and accountability,period,3,2400,2400,1.000,0.961,0.741,0.002,0.218,0.183,0.815,0.102,0.468,0.855,0.017,0.033,0.043,0.610,0.004,0.005,0.004
polarized-appointments,Polarized appointments,"High appointment polarization, higher partisan pressure, and lower public trust.",independence-accountability-hybrid,Hybrid court balancing independence and accountability,period,4,2400,2400,1.000,0.960,0.740,0.002,0.188,0.188,0.824,0.103,0.469,0.870,0.010,0.027,0.035,0.686,0.004,0.005,0.002
rights-threat-surge,Rights-threat surge,Docket contains more laws or actions with high generated rights-risk signals.,current-federal-court,Current-style federal supreme court,period,1,2400,2400,1.000,0.803,0.687,0.389,0.687,0.476,0.623,0.238,0.429,0.595,0.138,0.094,0.153,0.153,0.657,0.450,0.158
rights-threat-surge,Rights-threat surge,Docket contains more laws or actions with high generated rights-risk signals.,current-federal-court,Current-style federal supreme court,period,2,2400,2400,1.000,0.807,0.685,0.384,0.627,0.469,0.603,0.236,0.425,0.430,0.237,0.160,0.219,0.002,0.850,0.952,0.414
rights-threat-surge,Rights-threat surge,Docket contains more laws or actions with high generated rights-risk signals.,current-federal-court,Current-style federal supreme court,period,3,2400,2400,1.000,0.803,0.685,0.396,0.669,0.473,0.600,0.239,0.427,0.375,0.268,0.175,0.243,0.002,0.940,0.999,0.741
rights-threat-surge,Rights-threat surge,Docket contains more laws or actions with high generated rights-risk signals.,current-federal-court,Current-style federal supreme court,period,4,2400,2400,1.000,0.805,0.685,0.385,0.634,0.483,0.602,0.237,0.429,0.348,0.290,0.166,0.242,0.002,0.964,1.000,0.921
rights-threat-surge,Rights-threat surge,Docket contains more laws or actions with high generated rights-risk signals.,eighteen-year-terms,Staggered 18-year nonrenewable terms,period,1,2400,2400,1.000,0.806,0.685,0.397,0.643,0.465,0.628,0.239,0.430,0.590,0.140,0.088,0.165,0.162,0.646,0.434,0.153
rights-threat-surge,Rights-threat surge,Docket contains more laws or actions with high generated rights-risk signals.,eighteen-year-terms,Staggered 18-year nonrenewable terms,period,2,2400,2400,1.000,0.813,0.680,0.390,0.612,0.416,0.607,0.235,0.423,0.413,0.233,0.159,0.222,0.002,0.830,0.933,0.415
rights-threat-surge,Rights-threat surge,Docket contains more laws or actions with high generated rights-risk signals.,eighteen-year-terms,Staggered 18-year nonrenewable terms,period,3,2400,2400,1.000,0.811,0.685,0.384,0.645,0.451,0.608,0.234,0.430,0.361,0.278,0.159,0.244,0.002,0.930,0.995,0.745
rights-threat-surge,Rights-threat surge,Docket contains more laws or actions with high generated rights-risk signals.,eighteen-year-terms,Staggered 18-year nonrenewable terms,period,4,2400,2400,1.000,0.815,0.682,0.380,0.608,0.428,0.609,0.233,0.430,0.368,0.278,0.163,0.224,0.002,0.949,1.000,0.932
rights-threat-surge,Rights-threat surge,Docket contains more laws or actions with high generated rights-risk signals.,fifteen-justice-commission,Fifteen-justice supermajority commission court,period,1,2400,2400,1.000,0.882,0.717,0.064,0.554,0.476,0.758,0.150,0.473,0.667,0.094,0.088,0.101,0.313,0.487,0.336,0.053
rights-threat-surge,Rights-threat surge,Docket contains more laws or actions with high generated rights-risk signals.,fifteen-justice-commission,Fifteen-justice supermajority commission court,period,2,2400,2400,1.000,0.890,0.711,0.064,0.486,0.441,0.724,0.148,0.464,0.618,0.103,0.130,0.121,0.046,0.372,0.623,0.080
rights-threat-surge,Rights-threat surge,Docket contains more laws or actions with high generated rights-risk signals.,fifteen-justice-commission,Fifteen-justice supermajority commission court,period,3,2400,2400,1.000,0.888,0.714,0.065,0.523,0.460,0.719,0.148,0.470,0.552,0.116,0.158,0.153,0.010,0.300,0.702,0.126
rights-threat-surge,Rights-threat surge,Docket contains more laws or actions with high generated rights-risk signals.,fifteen-justice-commission,Fifteen-justice supermajority commission court,period,4,2400,2400,1.000,0.888,0.712,0.064,0.512,0.449,0.719,0.148,0.471,0.558,0.104,0.162,0.151,0.010,0.253,0.685,0.168
rights-threat-surge,Rights-threat surge,Docket contains more laws or actions with high generated rights-risk signals.,supermajority-invalidation,Supermajority required to invalidate laws,period,1,2400,2400,1.000,0.899,0.705,0.065,0.531,0.419,0.737,0.147,0.465,0.701,0.080,0.075,0.105,0.332,0.467,0.308,0.055
rights-threat-surge,Rights-threat surge,Docket contains more laws or actions with high generated rights-risk signals.,supermajority-invalidation,Supermajority required to invalidate laws,period,2,2400,2400,1.000,0.905,0.700,0.063,0.498,0.387,0.703,0.144,0.459,0.650,0.096,0.116,0.120,0.057,0.317,0.537,0.071
rights-threat-surge,Rights-threat surge,Docket contains more laws or actions with high generated rights-risk signals.,supermajority-invalidation,Supermajority required to invalidate laws,period,3,2400,2400,1.000,0.899,0.705,0.066,0.552,0.421,0.697,0.146,0.464,0.599,0.102,0.140,0.123,0.012,0.236,0.598,0.104
rights-threat-surge,Rights-threat surge,Docket contains more laws or actions with high generated rights-risk signals.,supermajority-invalidation,Supermajority required to invalidate laws,period,4,2400,2400,1.000,0.904,0.703,0.061,0.483,0.401,0.697,0.144,0.466,0.605,0.089,0.149,0.136,0.010,0.181,0.580,0.146
rights-threat-surge,Rights-threat surge,Docket contains more laws or actions with high generated rights-risk signals.,strict-recusal-court,Strict recusal with substitute justices,period,1,2400,2400,1.000,0.885,0.714,0.061,0.524,0.462,0.779,0.148,0.473,0.693,0.069,0.080,0.108,0.342,0.466,0.310,0.047
rights-threat-surge,Rights-threat surge,Docket contains more laws or actions with high generated rights-risk signals.,strict-recusal-court,Strict recusal with substitute justices,period,2,2400,2400,1.000,0.892,0.708,0.061,0.493,0.425,0.745,0.146,0.463,0.653,0.100,0.109,0.119,0.069,0.307,0.531,0.052
rights-threat-surge,Rights-threat surge,Docket contains more laws or actions with high generated rights-risk signals.,strict-recusal-court,Strict recusal with substitute justices,period,3,2400,2400,1.000,0.887,0.713,0.067,0.520,0.455,0.738,0.148,0.469,0.623,0.099,0.138,0.135,0.024,0.219,0.569,0.085
rights-threat-surge,Rights-threat surge,Docket contains more laws or actions with high generated rights-risk signals.,strict-recusal-court,Strict recusal with substitute justices,period,4,2400,2400,1.000,0.889,0.711,0.061,0.501,0.441,0.738,0.146,0.471,0.624,0.081,0.145,0.123,0.014,0.167,0.535,0.112
rights-threat-surge,Rights-threat surge,Docket contains more laws or actions with high generated rights-risk signals.,reasoned-emergency-review,Reasoned emergency orders with merits follow-up,period,1,2400,2400,1.000,0.889,0.727,0.006,0.561,0.497,0.801,0.139,0.479,0.720,0.074,0.074,0.086,0.371,0.461,0.326,0.038
rights-threat-surge,Rights-threat surge,Docket contains more laws or actions with high generated rights-risk signals.,reasoned-emergency-review,Reasoned emergency orders with merits follow-up,period,2,2400,2400,1.000,0.896,0.721,0.005,0.525,0.461,0.766,0.136,0.470,0.674,0.082,0.108,0.105,0.097,0.296,0.562,0.046
rights-threat-surge,Rights-threat surge,Docket contains more laws or actions with high generated rights-risk signals.,reasoned-emergency-review,Reasoned emergency orders with merits follow-up,period,3,2400,2400,1.000,0.891,0.728,0.005,0.536,0.497,0.758,0.137,0.479,0.625,0.083,0.135,0.123,0.029,0.208,0.611,0.062
rights-threat-surge,Rights-threat surge,Docket contains more laws or actions with high generated rights-risk signals.,reasoned-emergency-review,Reasoned emergency orders with merits follow-up,period,4,2400,2400,1.000,0.894,0.723,0.005,0.504,0.472,0.756,0.137,0.477,0.633,0.078,0.135,0.130,0.018,0.159,0.577,0.077
rights-threat-surge,Rights-threat surge,Docket contains more laws or actions with high generated rights-risk signals.,panel-en-banc-review,Panel review with en banc safety valve,period,1,2400,2400,1.000,0.881,0.718,0.061,0.568,0.482,0.774,0.150,0.474,0.713,0.073,0.079,0.100,0.334,0.478,0.330,0.048
rights-threat-surge,Rights-threat surge,Docket contains more laws or actions with high generated rights-risk signals.,panel-en-banc-review,Panel review with en banc safety valve,period,2,2400,2400,1.000,0.887,0.713,0.064,0.493,0.454,0.739,0.149,0.466,0.644,0.096,0.116,0.115,0.059,0.342,0.588,0.063
rights-threat-surge,Rights-threat surge,Docket contains more laws or actions with high generated rights-risk signals.,panel-en-banc-review,Panel review with en banc safety valve,period,3,2400,2400,1.000,0.882,0.718,0.064,0.519,0.486,0.733,0.150,0.473,0.587,0.108,0.146,0.127,0.011,0.270,0.654,0.098
rights-threat-surge,Rights-threat surge,Docket contains more laws or actions with high generated rights-risk signals.,panel-en-banc-review,Panel review with en banc safety valve,period,4,2400,2400,1.000,0.884,0.716,0.061,0.504,0.472,0.732,0.149,0.472,0.583,0.107,0.145,0.135,0.009,0.227,0.649,0.137
rights-threat-surge,Rights-threat surge,Docket contains more laws or actions with high generated rights-risk signals.,dual-cross-checking-courts,Dual supreme courts with cross-checking invalidations,period,1,2400,2400,1.000,0.907,0.712,0.006,0.493,0.409,0.805,0.147,0.474,0.715,0.075,0.067,0.094,0.401,0.432,0.263,0.042
rights-threat-surge,Rights-threat surge,Docket contains more laws or actions with high generated rights-risk signals.,dual-cross-checking-courts,Dual supreme courts with cross-checking invalidations,period,2,2400,2400,1.000,0.914,0.707,0.006,0.443,0.377,0.773,0.143,0.466,0.709,0.063,0.096,0.099,0.136,0.212,0.365,0.035
rights-threat-surge,Rights-threat surge,Docket contains more laws or actions with high generated rights-risk signals.,dual-cross-checking-courts,Dual supreme courts with cross-checking invalidations,period,3,2400,2400,1.000,0.910,0.713,0.006,0.444,0.403,0.763,0.144,0.473,0.704,0.068,0.103,0.098,0.049,0.108,0.335,0.045
rights-threat-surge,Rights-threat surge,Docket contains more laws or actions with high generated rights-risk signals.,dual-cross-checking-courts,Dual supreme courts with cross-checking invalidations,period,4,2400,2400,1.000,0.912,0.709,0.006,0.458,0.386,0.759,0.143,0.473,0.713,0.052,0.108,0.092,0.028,0.063,0.280,0.056
rights-threat-surge,Rights-threat surge,Docket contains more laws or actions with high generated rights-risk signals.,constitutional-council,Pre-enactment constitutional council,period,1,2400,2400,1.000,0.955,0.700,0.061,0.567,0.388,0.804,0.143,0.466,0.716,0.069,0.073,0.084,0.404,0.422,0.254,0.036
rights-threat-surge,Rights-threat surge,Docket contains more laws or actions with high generated rights-risk signals.,constitutional-council,Pre-enactment constitutional council,period,2,2400,2400,1.000,0.956,0.697,0.063,0.537,0.361,0.773,0.141,0.459,0.700,0.071,0.100,0.101,0.148,0.200,0.350,0.038
rights-threat-surge,Rights-threat surge,Docket contains more laws or actions with high generated rights-risk signals.,constitutional-council,Pre-enactment constitutional council,period,3,2400,2400,1.000,0.957,0.702,0.058,0.490,0.390,0.765,0.141,0.466,0.712,0.060,0.104,0.095,0.071,0.098,0.317,0.050
rights-threat-surge,Rights-threat surge,Docket contains more laws or actions with high generated rights-risk signals.,constitutional-council,Pre-enactment constitutional council,period,4,2400,2400,1.000,0.959,0.695,0.056,0.479,0.364,0.760,0.139,0.466,0.717,0.053,0.096,0.090,0.038,0.050,0.241,0.052
rights-threat-surge,Rights-threat surge,Docket contains more laws or actions with high generated rights-risk signals.,legislative-override-court,Judicial review with delayed legislative override,period,1,2400,2400,1.000,0.876,0.715,0.063,0.496,0.484,0.753,0.151,0.474,0.688,0.083,0.078,0.098,0.314,0.489,0.337,0.052
rights-threat-surge,Rights-threat surge,Docket contains more laws or actions with high generated rights-risk signals.,legislative-override-court,Judicial review with delayed legislative override,period,2,2400,2400,1.000,0.884,0.708,0.063,0.484,0.438,0.718,0.148,0.465,0.619,0.118,0.121,0.124,0.042,0.373,0.625,0.076
rights-threat-surge,Rights-threat surge,Docket contains more laws or actions with high generated rights-risk signals.,legislative-override-court,Judicial review with delayed legislative override,period,3,2400,2400,1.000,0.880,0.713,0.066,0.541,0.462,0.713,0.150,0.469,0.562,0.103,0.158,0.137,0.011,0.302,0.716,0.122
rights-threat-surge,Rights-threat surge,Docket contains more laws or actions with high generated rights-risk signals.,legislative-override-court,Judicial review with delayed legislative override,period,4,2400,2400,1.000,0.881,0.712,0.059,0.524,0.455,0.714,0.149,0.471,0.550,0.115,0.158,0.153,0.007,0.259,0.707,0.172
rights-threat-surge,Rights-threat surge,Docket contains more laws or actions with high generated rights-risk signals.,accountability-retention-court,Retention-election accountability court,period,1,2400,2400,1.000,0.897,0.675,0.060,0.340,0.330,0.768,0.143,0.463,0.703,0.063,0.066,0.093,0.385,0.416,0.231,0.045
rights-threat-surge,Rights-threat surge,Docket contains more laws or actions with high generated rights-risk signals.,accountability-retention-court,Retention-election accountability court,period,2,2400,2400,1.000,0.901,0.675,0.063,0.363,0.310,0.739,0.143,0.457,0.696,0.070,0.094,0.098,0.138,0.177,0.277,0.042
rights-threat-surge,Rights-threat surge,Docket contains more laws or actions with high generated rights-risk signals.,accountability-retention-court,Retention-election accountability court,period,3,2400,2400,1.000,0.897,0.681,0.059,0.394,0.336,0.729,0.142,0.462,0.691,0.063,0.101,0.100,0.056,0.077,0.231,0.049
rights-threat-surge,Rights-threat surge,Docket contains more laws or actions with high generated rights-risk signals.,accountability-retention-court,Retention-election accountability court,period,4,2400,2400,1.000,0.902,0.675,0.059,0.355,0.309,0.726,0.142,0.463,0.722,0.051,0.100,0.081,0.036,0.044,0.156,0.048
rights-threat-surge,Rights-threat surge,Docket contains more laws or actions with high generated rights-risk signals.,independence-accountability-hybrid,Hybrid court balancing independence and accountability,period,1,2400,2400,1.000,0.909,0.718,0.006,0.558,0.445,0.810,0.134,0.476,0.723,0.062,0.072,0.095,0.400,0.434,0.289,0.037
rights-threat-surge,Rights-threat surge,Docket contains more laws or actions with high generated rights-risk signals.,independence-accountability-hybrid,Hybrid court balancing independence and accountability,period,2,2400,2400,1.000,0.914,0.714,0.005,0.478,0.419,0.780,0.132,0.470,0.711,0.061,0.106,0.088,0.152,0.217,0.429,0.028
rights-threat-surge,Rights-threat surge,Docket contains more laws or actions with high generated rights-risk signals.,independence-accountability-hybrid,Hybrid court balancing independence and accountability,period,3,2400,2400,1.000,0.911,0.719,0.005,0.495,0.445,0.769,0.133,0.476,0.696,0.064,0.113,0.108,0.060,0.116,0.415,0.039
rights-threat-surge,Rights-threat surge,Docket contains more laws or actions with high generated rights-risk signals.,independence-accountability-hybrid,Hybrid court balancing independence and accountability,period,4,2400,2400,1.000,0.914,0.713,0.005,0.492,0.416,0.764,0.131,0.475,0.689,0.054,0.118,0.095,0.035,0.065,0.351,0.037
emergency-docket-stress,Emergency docket stress,"Higher urgency and executive pressure, meant to stress shadow-docket procedures.",current-federal-court,Current-style federal supreme court,period,1,2400,2400,1.000,0.710,0.689,0.883,0.428,0.000,0.517,0.365,0.400,0.531,0.188,0.076,0.184,0.098,0.675,0.377,0.281
emergency-docket-stress,Emergency docket stress,"Higher urgency and executive pressure, meant to stress shadow-docket procedures.",current-federal-court,Current-style federal supreme court,period,2,2400,2400,1.000,0.710,0.688,0.883,0.430,0.000,0.502,0.365,0.402,0.323,0.334,0.143,0.273,0.000,0.984,0.949,0.784
emergency-docket-stress,Emergency docket stress,"Higher urgency and executive pressure, meant to stress shadow-docket procedures.",current-federal-court,Current-style federal supreme court,period,3,2400,2400,1.000,0.714,0.692,0.878,0.412,0.000,0.505,0.363,0.402,0.290,0.341,0.165,0.272,0.000,0.999,1.000,0.997
emergency-docket-stress,Emergency docket stress,"Higher urgency and executive pressure, meant to stress shadow-docket procedures.",current-federal-court,Current-style federal supreme court,period,4,2400,2400,1.000,0.707,0.684,0.884,0.442,0.000,0.499,0.367,0.394,0.298,0.342,0.171,0.270,0.000,0.999,1.000,1.000
emergency-docket-stress,Emergency docket stress,"Higher urgency and executive pressure, meant to stress shadow-docket procedures.",eighteen-year-terms,Staggered 18-year nonrenewable terms,period,1,2400,2400,1.000,0.721,0.697,0.875,0.374,0.000,0.529,0.360,0.411,0.543,0.177,0.077,0.173,0.105,0.645,0.335,0.271
emergency-docket-stress,Emergency docket stress,"Higher urgency and executive pressure, meant to stress shadow-docket procedures.",eighteen-year-terms,Staggered 18-year nonrenewable terms,period,2,2400,2400,1.000,0.719,0.695,0.875,0.384,0.000,0.512,0.361,0.411,0.344,0.322,0.133,0.257,0.000,0.969,0.914,0.754
emergency-docket-stress,Emergency docket stress,"Higher urgency and executive pressure, meant to stress shadow-docket procedures.",eighteen-year-terms,Staggered 18-year nonrenewable terms,period,3,2400,2400,1.000,0.721,0.697,0.871,0.380,0.000,0.514,0.360,0.410,0.268,0.364,0.165,0.286,0.000,0.999,1.000,0.991
emergency-docket-stress,Emergency docket stress,"Higher urgency and executive pressure, meant to stress shadow-docket procedures.",eighteen-year-terms,Staggered 18-year nonrenewable terms,period,4,2400,2400,1.000,0.716,0.691,0.877,0.398,0.000,0.510,0.363,0.405,0.283,0.365,0.154,0.286,0.000,0.999,1.000,1.000
emergency-docket-stress,Emergency docket stress,"Higher urgency and executive pressure, meant to stress shadow-docket procedures.",fifteen-justice-commission,Fifteen-justice supermajority commission court,period,1,2400,2400,1.000,0.872,0.729,0.390,0.225,0.407,0.697,0.216,0.452,0.685,0.087,0.067,0.107,0.252,0.364,0.147,0.087
emergency-docket-stress,Emergency docket stress,"Higher urgency and executive pressure, meant to stress shadow-docket procedures.",fifteen-justice-commission,Fifteen-justice supermajority commission court,period,2,2400,2400,1.000,0.874,0.731,0.380,0.215,0.412,0.667,0.213,0.460,0.655,0.096,0.080,0.123,0.007,0.300,0.255,0.150
emergency-docket-stress,Emergency docket stress,"Higher urgency and executive pressure, meant to stress shadow-docket procedures.",fifteen-justice-commission,Fifteen-justice supermajority commission court,period,3,2400,2400,1.000,0.875,0.732,0.382,0.219,0.404,0.666,0.213,0.456,0.655,0.114,0.094,0.119,0.001,0.246,0.305,0.236
emergency-docket-stress,Emergency docket stress,"Higher urgency and executive pressure, meant to stress shadow-docket procedures.",fifteen-justice-commission,Fifteen-justice supermajority commission court,period,4,2400,2400,1.000,0.875,0.727,0.380,0.216,0.369,0.665,0.213,0.454,0.625,0.107,0.111,0.117,0.001,0.217,0.326,0.315
emergency-docket-stress,Emergency docket stress,"Higher urgency and executive pressure, meant to stress shadow-docket procedures.",supermajority-invalidation,Supermajority required to invalidate laws,period,1,2400,2400,1.000,0.880,0.726,0.397,0.233,0.359,0.672,0.217,0.449,0.699,0.088,0.054,0.104,0.241,0.376,0.161,0.098
emergency-docket-stress,Emergency docket stress,"Higher urgency and executive pressure, meant to stress shadow-docket procedures.",supermajority-invalidation,Supermajority required to invalidate laws,period,2,2400,2400,1.000,0.880,0.727,0.389,0.234,0.372,0.642,0.216,0.452,0.657,0.105,0.077,0.125,0.005,0.336,0.306,0.178
emergency-docket-stress,Emergency docket stress,"Higher urgency and executive pressure, meant to stress shadow-docket procedures.",supermajority-invalidation,Supermajority required to invalidate laws,period,3,2400,2400,1.000,0.880,0.726,0.392,0.239,0.351,0.640,0.217,0.447,0.615,0.120,0.114,0.123,0.000,0.311,0.410,0.278
emergency-docket-stress,Emergency docket stress,"Higher urgency and executive pressure, meant to stress shadow-docket procedures.",supermajority-invalidation,Supermajority required to invalidate laws,period,4,2400,2400,1.000,0.879,0.722,0.391,0.244,0.325,0.639,0.217,0.445,0.607,0.125,0.108,0.134,0.000,0.312,0.467,0.393
emergency-docket-stress,Emergency docket stress,"Higher urgency and executive pressure, meant to stress shadow-docket procedures.",strict-recusal-court,Strict recusal with substitute justices,period,1,2400,2400,1.000,0.875,0.728,0.381,0.212,0.369,0.720,0.212,0.454,0.705,0.081,0.061,0.109,0.280,0.340,0.123,0.081
emergency-docket-stress,Emergency docket stress,"Higher urgency and executive pressure, meant to stress shadow-docket procedures.",strict-recusal-court,Strict recusal with substitute justices,period,2,2400,2400,1.000,0.874,0.730,0.373,0.216,0.379,0.687,0.211,0.459,0.697,0.083,0.070,0.105,0.017,0.236,0.181,0.123
emergency-docket-stress,Emergency docket stress,"Higher urgency and executive pressure, meant to stress shadow-docket procedures.",strict-recusal-court,Strict recusal with substitute justices,period,3,2400,2400,1.000,0.874,0.731,0.376,0.220,0.401,0.685,0.212,0.455,0.703,0.073,0.080,0.098,0.001,0.164,0.200,0.157
emergency-docket-stress,Emergency docket stress,"Higher urgency and executive pressure, meant to stress shadow-docket procedures.",strict-recusal-court,Strict recusal with substitute justices,period,4,2400,2400,1.000,0.873,0.726,0.375,0.223,0.364,0.684,0.212,0.453,0.698,0.078,0.088,0.102,0.001,0.133,0.201,0.193
emergency-docket-stress,Emergency docket stress,"Higher urgency and executive pressure, meant to stress shadow-docket procedures.",reasoned-emergency-review,Reasoned emergency orders with merits follow-up,period,1,2400,2400,1.000,0.941,0.743,0.029,0.249,0.213,0.813,0.115,0.465,0.769,0.051,0.055,0.080,0.453,0.233,0.127,0.028
emergency-docket-stress,Emergency docket stress,"Higher urgency and executive pressure, meant to stress shadow-docket procedures.",reasoned-emergency-review,Reasoned emergency orders with merits follow-up,period,2,2400,2400,1.000,0.940,0.743,0.030,0.246,0.212,0.790,0.115,0.469,0.785,0.038,0.052,0.080,0.268,0.053,0.124,0.016
emergency-docket-stress,Emergency docket stress,"Higher urgency and executive pressure, meant to stress shadow-docket procedures.",reasoned-emergency-review,Reasoned emergency orders with merits follow-up,period,3,2400,2400,1.000,0.942,0.744,0.029,0.249,0.210,0.782,0.115,0.466,0.835,0.029,0.055,0.055,0.199,0.026,0.097,0.011
emergency-docket-stress,Emergency docket stress,"Higher urgency and executive pressure, meant to stress shadow-docket procedures.",reasoned-emergency-review,Reasoned emergency orders with merits follow-up,period,4,2400,2400,1.000,0.940,0.740,0.029,0.254,0.217,0.773,0.117,0.465,0.807,0.028,0.070,0.056,0.150,0.026,0.082,0.009
emergency-docket-stress,Emergency docket stress,"Higher urgency and executive pressure, meant to stress shadow-docket procedures.",panel-en-banc-review,Panel review with en banc safety valve,period,1,2400,2400,1.000,0.870,0.729,0.385,0.218,0.394,0.712,0.213,0.454,0.685,0.083,0.067,0.104,0.264,0.354,0.138,0.085
emergency-docket-stress,Emergency docket stress,"Higher urgency and executive pressure, meant to stress shadow-docket procedures.",panel-en-banc-review,Panel review with en banc safety valve,period,2,2400,2400,1.000,0.872,0.731,0.374,0.209,0.392,0.682,0.211,0.461,0.693,0.087,0.078,0.095,0.015,0.261,0.215,0.125
emergency-docket-stress,Emergency docket stress,"Higher urgency and executive pressure, meant to stress shadow-docket procedures.",panel-en-banc-review,Panel review with en banc safety valve,period,3,2400,2400,1.000,0.872,0.732,0.378,0.217,0.399,0.680,0.212,0.456,0.672,0.098,0.085,0.113,0.001,0.193,0.247,0.182
emergency-docket-stress,Emergency docket stress,"Higher urgency and executive pressure, meant to stress shadow-docket procedures.",panel-en-banc-review,Panel review with en banc safety valve,period,4,2400,2400,1.000,0.872,0.727,0.376,0.217,0.373,0.679,0.212,0.454,0.662,0.095,0.102,0.116,0.001,0.164,0.262,0.252
emergency-docket-stress,Emergency docket stress,"Higher urgency and executive pressure, meant to stress shadow-docket procedures.",dual-cross-checking-courts,Dual supreme courts with cross-checking invalidations,period,1,2400,2400,1.000,0.955,0.737,0.049,0.193,0.130,0.822,0.127,0.463,0.786,0.041,0.049,0.066,0.511,0.203,0.079,0.026
emergency-docket-stress,Emergency docket stress,"Higher urgency and executive pressure, meant to stress shadow-docket procedures.",dual-cross-checking-courts,Dual supreme courts with cross-checking invalidations,period,2,2400,2400,1.000,0.955,0.736,0.050,0.190,0.129,0.809,0.127,0.468,0.824,0.023,0.037,0.053,0.404,0.025,0.045,0.007
emergency-docket-stress,Emergency docket stress,"Higher urgency and executive pressure, meant to stress shadow-docket procedures.",dual-cross-checking-courts,Dual supreme courts with cross-checking invalidations,period,3,2400,2400,1.000,0.955,0.738,0.049,0.198,0.135,0.803,0.126,0.465,0.830,0.023,0.041,0.056,0.348,0.013,0.021,0.006
emergency-docket-stress,Emergency docket stress,"Higher urgency and executive pressure, meant to stress shadow-docket procedures.",dual-cross-checking-courts,Dual supreme courts with cross-checking invalidations,period,4,2400,2400,1.000,0.955,0.735,0.048,0.191,0.134,0.796,0.129,0.463,0.846,0.024,0.037,0.049,0.307,0.014,0.019,0.006
emergency-docket-stress,Emergency docket stress,"Higher urgency and executive pressure, meant to stress shadow-docket procedures.",constitutional-council,Pre-enactment constitutional council,period,1,2400,2400,1.000,0.910,0.726,0.373,0.203,0.268,0.748,0.208,0.452,0.715,0.074,0.046,0.094,0.321,0.312,0.099,0.071
emergency-docket-stress,Emergency docket stress,"Higher urgency and executive pressure, meant to stress shadow-docket procedures.",constitutional-council,Pre-enactment constitutional council,period,2,2400,2400,1.000,0.913,0.728,0.365,0.204,0.279,0.714,0.206,0.458,0.741,0.073,0.050,0.079,0.038,0.154,0.100,0.086
emergency-docket-stress,Emergency docket stress,"Higher urgency and executive pressure, meant to stress shadow-docket procedures.",constitutional-council,Pre-enactment constitutional council,period,3,2400,2400,1.000,0.913,0.728,0.367,0.203,0.279,0.709,0.206,0.454,0.735,0.069,0.069,0.102,0.003,0.075,0.084,0.104
emergency-docket-stress,Emergency docket stress,"Higher urgency and executive pressure, meant to stress shadow-docket procedures.",constitutional-council,Pre-enactment constitutional council,period,4,2400,2400,1.000,0.910,0.724,0.367,0.218,0.268,0.707,0.208,0.451,0.741,0.056,0.062,0.082,0.003,0.051,0.070,0.119
emergency-docket-stress,Emergency docket stress,"Higher urgency and executive pressure, meant to stress shadow-docket procedures.",legislative-override-court,Judicial review with delayed legislative override,period,1,2400,2400,1.000,0.859,0.728,0.392,0.236,0.432,0.689,0.218,0.453,0.690,0.081,0.058,0.101,0.242,0.379,0.166,0.090
emergency-docket-stress,Emergency docket stress,"Higher urgency and executive pressure, meant to stress shadow-docket procedures.",legislative-override-court,Judicial review with delayed legislative override,period,2,2400,2400,1.000,0.860,0.729,0.385,0.241,0.412,0.659,0.215,0.457,0.641,0.108,0.084,0.115,0.005,0.338,0.317,0.151
emergency-docket-stress,Emergency docket stress,"Higher urgency and executive pressure, meant to stress shadow-docket procedures.",legislative-override-court,Judicial review with delayed legislative override,period,3,2400,2400,1.000,0.861,0.729,0.386,0.234,0.417,0.658,0.216,0.453,0.613,0.117,0.105,0.126,0.001,0.312,0.411,0.248
emergency-docket-stress,Emergency docket stress,"Higher urgency and executive pressure, meant to stress shadow-docket procedures.",legislative-override-court,Judicial review with delayed legislative override,period,4,2400,2400,1.000,0.861,0.725,0.385,0.237,0.386,0.657,0.216,0.451,0.595,0.128,0.123,0.146,0.001,0.304,0.453,0.356
emergency-docket-stress,Emergency docket stress,"Higher urgency and executive pressure, meant to stress shadow-docket procedures.",accountability-retention-court,Retention-election accountability court,period,1,2400,2400,1.000,0.873,0.724,0.372,0.128,0.234,0.721,0.205,0.461,0.725,0.067,0.044,0.090,0.339,0.298,0.073,0.068
emergency-docket-stress,Emergency docket stress,"Higher urgency and executive pressure, meant to stress shadow-docket procedures.",accountability-retention-court,Retention-election accountability court,period,2,2400,2400,1.000,0.872,0.725,0.365,0.135,0.246,0.684,0.205,0.465,0.740,0.058,0.053,0.083,0.042,0.120,0.056,0.077
emergency-docket-stress,Emergency docket stress,"Higher urgency and executive pressure, meant to stress shadow-docket procedures.",accountability-retention-court,Retention-election accountability court,period,3,2400,2400,1.000,0.874,0.724,0.366,0.128,0.236,0.679,0.205,0.461,0.760,0.056,0.057,0.080,0.002,0.043,0.031,0.086
emergency-docket-stress,Emergency docket stress,"Higher urgency and executive pressure, meant to stress shadow-docket procedures.",accountability-retention-court,Retention-election accountability court,period,4,2400,2400,1.000,0.876,0.720,0.362,0.122,0.203,0.678,0.204,0.460,0.763,0.050,0.058,0.070,0.001,0.026,0.025,0.094
emergency-docket-stress,Emergency docket stress,"Higher urgency and executive pressure, meant to stress shadow-docket procedures.",independence-accountability-hybrid,Hybrid court balancing independence and accountability,period,1,2400,2400,1.000,0.958,0.740,0.026,0.207,0.163,0.830,0.110,0.465,0.784,0.048,0.040,0.070,0.522,0.197,0.089,0.025
emergency-docket-stress,Emergency docket stress,"Higher urgency and executive pressure, meant to stress shadow-docket procedures.",independence-accountability-hybrid,Hybrid court balancing independence and accountability,period,2,2400,2400,1.000,0.957,0.738,0.027,0.209,0.154,0.821,0.110,0.468,0.830,0.026,0.039,0.055,0.447,0.025,0.057,0.008
emergency-docket-stress,Emergency docket stress,"Higher urgency and executive pressure, meant to stress shadow-docket procedures.",independence-accountability-hybrid,Hybrid court balancing independence and accountability,period,3,2400,2400,1.000,0.958,0.740,0.026,0.209,0.160,0.819,0.110,0.466,0.842,0.021,0.038,0.041,0.424,0.013,0.037,0.004
emergency-docket-stress,Emergency docket stress,"Higher urgency and executive pressure, meant to stress shadow-docket procedures.",independence-accountability-hybrid,Hybrid court balancing independence and accountability,period,4,2400,2400,1.000,0.956,0.737,0.026,0.218,0.167,0.811,0.111,0.464,0.838,0.024,0.043,0.050,0.379,0.014,0.031,0.006
low-trust-conflict,Low-trust conflict,Lower public trust and higher legislature-court conflict.,current-federal-court,Current-style federal supreme court,period,1,2400,2400,1.000,0.867,0.724,0.345,0.336,0.189,0.589,0.193,0.423,0.587,0.152,0.078,0.151,0.094,0.745,0.464,0.156
low-trust-conflict,Low-trust conflict,Lower public trust and higher legislature-court conflict.,current-federal-court,Current-style federal supreme court,period,2,2400,2399,1.000,0.862,0.719,0.344,0.369,0.213,0.572,0.196,0.423,0.445,0.205,0.145,0.205,0.004,0.717,0.878,0.372
low-trust-conflict,Low-trust conflict,Lower public trust and higher legislature-court conflict.,current-federal-court,Current-style federal supreme court,period,3,2400,2400,1.000,0.864,0.721,0.339,0.344,0.215,0.574,0.194,0.421,0.408,0.229,0.155,0.234,0.004,0.712,0.967,0.637
low-trust-conflict,Low-trust conflict,Lower public trust and higher legislature-court conflict.,current-federal-court,Current-style federal supreme court,period,4,2400,2399,1.000,0.866,0.721,0.333,0.360,0.208,0.576,0.192,0.419,0.391,0.219,0.161,0.215,0.003,0.696,0.977,0.825
low-trust-conflict,Low-trust conflict,Lower public trust and higher legislature-court conflict.,eighteen-year-terms,Staggered 18-year nonrenewable terms,period,1,2400,2399,1.000,0.872,0.725,0.340,0.313,0.176,0.596,0.190,0.424,0.555,0.166,0.089,0.161,0.098,0.737,0.451,0.160
low-trust-conflict,Low-trust conflict,Lower public trust and higher legislature-court conflict.,eighteen-year-terms,Staggered 18-year nonrenewable terms,period,2,2400,2400,1.000,0.872,0.720,0.337,0.323,0.178,0.581,0.191,0.425,0.455,0.195,0.148,0.197,0.004,0.679,0.850,0.369
low-trust-conflict,Low-trust conflict,Lower public trust and higher legislature-court conflict.,eighteen-year-terms,Staggered 18-year nonrenewable terms,period,3,2400,2398,0.999,0.870,0.722,0.332,0.312,0.201,0.582,0.190,0.424,0.414,0.201,0.163,0.208,0.004,0.647,0.945,0.604
low-trust-conflict,Low-trust conflict,Lower public trust and higher legislature-court conflict.,eighteen-year-terms,Staggered 18-year nonrenewable terms,period,4,2400,2400,1.000,0.873,0.722,0.331,0.337,0.176,0.583,0.189,0.421,0.401,0.200,0.163,0.225,0.004,0.624,0.945,0.794
low-trust-conflict,Low-trust conflict,Lower public trust and higher legislature-court conflict.,fifteen-justice-commission,Fifteen-justice supermajority commission court,period,1,2400,2398,0.999,0.949,0.739,0.060,0.186,0.173,0.715,0.110,0.440,0.677,0.084,0.072,0.112,0.259,0.559,0.316,0.056
low-trust-conflict,Low-trust conflict,Lower public trust and higher legislature-court conflict.,fifteen-justice-commission,Fifteen-justice supermajority commission court,period,2,2400,2398,0.999,0.950,0.734,0.056,0.182,0.181,0.700,0.110,0.444,0.666,0.070,0.107,0.118,0.140,0.175,0.312,0.049
low-trust-conflict,Low-trust conflict,Lower public trust and higher legislature-court conflict.,fifteen-justice-commission,Fifteen-justice supermajority commission court,period,3,2400,2398,0.999,0.949,0.736,0.055,0.155,0.184,0.695,0.110,0.441,0.701,0.050,0.103,0.098,0.105,0.020,0.134,0.046
low-trust-conflict,Low-trust conflict,Lower public trust and higher legislature-court conflict.,fifteen-justice-commission,Fifteen-justice supermajority commission court,period,4,2400,2397,0.999,0.950,0.737,0.053,0.179,0.183,0.697,0.108,0.440,0.739,0.043,0.088,0.098,0.113,0.007,0.038,0.039
low-trust-conflict,Low-trust conflict,Lower public trust and higher legislature-court conflict.,supermajority-invalidation,Supermajority required to invalidate laws,period,1,2400,2398,0.999,0.959,0.735,0.065,0.149,0.143,0.694,0.109,0.436,0.653,0.089,0.075,0.118,0.255,0.556,0.305,0.062
low-trust-conflict,Low-trust conflict,Lower public trust and higher legislature-court conflict.,supermajority-invalidation,Supermajority required to invalidate laws,period,2,2400,2398,0.999,0.958,0.729,0.061,0.192,0.145,0.675,0.109,0.438,0.687,0.063,0.075,0.110,0.121,0.172,0.288,0.056
low-trust-conflict,Low-trust conflict,Lower public trust and higher legislature-court conflict.,supermajority-invalidation,Supermajority required to invalidate laws,period,3,2400,2400,1.000,0.960,0.730,0.053,0.177,0.140,0.674,0.107,0.435,0.715,0.059,0.075,0.093,0.096,0.020,0.118,0.047
low-trust-conflict,Low-trust conflict,Lower public trust and higher legislature-court conflict.,supermajority-invalidation,Supermajority required to invalidate laws,period,4,2400,2397,0.999,0.961,0.730,0.053,0.207,0.139,0.674,0.106,0.433,0.743,0.038,0.090,0.090,0.104,0.006,0.035,0.039
low-trust-conflict,Low-trust conflict,Lower public trust and higher legislature-court conflict.,strict-recusal-court,Strict recusal with substitute justices,period,1,2400,2400,1.000,0.951,0.738,0.061,0.171,0.162,0.735,0.109,0.440,0.663,0.096,0.068,0.114,0.276,0.545,0.295,0.059
low-trust-conflict,Low-trust conflict,Lower public trust and higher legislature-court conflict.,strict-recusal-court,Strict recusal with substitute justices,period,2,2400,2399,1.000,0.949,0.733,0.058,0.199,0.175,0.721,0.110,0.442,0.691,0.063,0.089,0.104,0.176,0.147,0.248,0.047
low-trust-conflict,Low-trust conflict,Lower public trust and higher legislature-court conflict.,strict-recusal-court,Strict recusal with substitute justices,period,3,2400,2400,1.000,0.950,0.734,0.056,0.172,0.169,0.718,0.109,0.439,0.731,0.047,0.079,0.093,0.147,0.016,0.090,0.042
low-trust-conflict,Low-trust conflict,Lower public trust and higher legislature-court conflict.,strict-recusal-court,Strict recusal with substitute justices,period,4,2400,2397,0.999,0.951,0.736,0.051,0.162,0.176,0.720,0.108,0.439,0.748,0.042,0.078,0.083,0.154,0.005,0.024,0.032
low-trust-conflict,Low-trust conflict,Lower public trust and higher legislature-court conflict.,reasoned-emergency-review,Reasoned emergency orders with merits follow-up,period,1,2400,2400,1.000,0.955,0.744,0.002,0.186,0.192,0.755,0.097,0.444,0.683,0.083,0.065,0.111,0.302,0.533,0.301,0.044
low-trust-conflict,Low-trust conflict,Lower public trust and higher legislature-court conflict.,reasoned-emergency-review,Reasoned emergency orders with merits follow-up,period,2,2400,2398,0.999,0.954,0.739,0.002,0.206,0.200,0.743,0.098,0.446,0.711,0.055,0.080,0.085,0.232,0.130,0.263,0.029
low-trust-conflict,Low-trust conflict,Lower public trust and higher legislature-court conflict.,reasoned-emergency-review,Reasoned emergency orders with merits follow-up,period,3,2400,2400,1.000,0.954,0.740,0.002,0.193,0.199,0.744,0.098,0.444,0.747,0.042,0.077,0.085,0.237,0.013,0.103,0.019
low-trust-conflict,Low-trust conflict,Lower public trust and higher legislature-court conflict.,reasoned-emergency-review,Reasoned emergency orders with merits follow-up,period,4,2400,2400,1.000,0.953,0.742,0.002,0.216,0.208,0.748,0.098,0.443,0.777,0.036,0.075,0.070,0.269,0.006,0.026,0.014
low-trust-conflict,Low-trust conflict,Lower public trust and higher legislature-court conflict.,panel-en-banc-review,Panel review with en banc safety valve,period,1,2400,2400,1.000,0.947,0.741,0.060,0.154,0.191,0.727,0.111,0.442,0.633,0.097,0.071,0.131,0.250,0.562,0.316,0.061
low-trust-conflict,Low-trust conflict,Lower public trust and higher legislature-court conflict.,panel-en-banc-review,Panel review with en banc safety valve,period,2,2400,2400,1.000,0.945,0.736,0.058,0.194,0.202,0.709,0.113,0.444,0.655,0.071,0.107,0.128,0.122,0.188,0.323,0.061
low-trust-conflict,Low-trust conflict,Lower public trust and higher legislature-court conflict.,panel-en-banc-review,Panel review with en banc safety valve,period,3,2400,2400,1.000,0.946,0.737,0.058,0.197,0.194,0.705,0.111,0.442,0.692,0.047,0.095,0.104,0.085,0.027,0.155,0.048
low-trust-conflict,Low-trust conflict,Lower public trust and higher legislature-court conflict.,panel-en-banc-review,Panel review with en banc safety valve,period,4,2400,2400,1.000,0.946,0.739,0.053,0.190,0.207,0.706,0.110,0.442,0.719,0.040,0.100,0.087,0.088,0.009,0.052,0.035
low-trust-conflict,Low-trust conflict,Lower public trust and higher legislature-court conflict.,dual-cross-checking-courts,Dual supreme courts with cross-checking invalidations,period,1,2400,2400,1.000,0.970,0.737,0.002,0.155,0.124,0.763,0.101,0.440,0.699,0.078,0.057,0.096,0.335,0.509,0.254,0.042
low-trust-conflict,Low-trust conflict,Lower public trust and higher legislature-court conflict.,dual-cross-checking-courts,Dual supreme courts with cross-checking invalidations,period,2,2400,2400,1.000,0.969,0.731,0.002,0.153,0.130,0.760,0.104,0.442,0.753,0.041,0.068,0.082,0.330,0.078,0.125,0.017
low-trust-conflict,Low-trust conflict,Lower public trust and higher legislature-court conflict.,dual-cross-checking-courts,Dual supreme courts with cross-checking invalidations,period,3,2400,2400,1.000,0.968,0.733,0.002,0.120,0.133,0.766,0.104,0.439,0.797,0.029,0.053,0.069,0.377,0.005,0.019,0.014
low-trust-conflict,Low-trust conflict,Lower public trust and higher legislature-court conflict.,dual-cross-checking-courts,Dual supreme courts with cross-checking invalidations,period,4,2400,2400,1.000,0.968,0.734,0.002,0.132,0.136,0.774,0.103,0.438,0.822,0.020,0.048,0.054,0.441,0.003,0.005,0.007
low-trust-conflict,Low-trust conflict,Lower public trust and higher legislature-court conflict.,constitutional-council,Pre-enactment constitutional council,period,1,2400,2400,1.000,0.980,0.732,0.057,0.158,0.117,0.761,0.104,0.437,0.682,0.083,0.066,0.110,0.321,0.513,0.255,0.047
low-trust-conflict,Low-trust conflict,Lower public trust and higher legislature-court conflict.,constitutional-council,Pre-enactment constitutional council,period,2,2400,2400,1.000,0.979,0.727,0.056,0.207,0.127,0.754,0.106,0.439,0.714,0.043,0.080,0.098,0.286,0.083,0.125,0.025
low-trust-conflict,Low-trust conflict,Lower public trust and higher legislature-court conflict.,constitutional-council,Pre-enactment constitutional council,period,3,2400,2400,1.000,0.979,0.729,0.055,0.172,0.127,0.756,0.106,0.436,0.746,0.030,0.070,0.083,0.296,0.004,0.016,0.019
low-trust-conflict,Low-trust conflict,Lower public trust and higher legislature-court conflict.,constitutional-council,Pre-enactment constitutional council,period,4,2400,2400,1.000,0.981,0.731,0.050,0.181,0.132,0.763,0.104,0.435,0.785,0.026,0.059,0.076,0.343,0.003,0.004,0.012
low-trust-conflict,Low-trust conflict,Lower public trust and higher legislature-court conflict.,legislative-override-court,Judicial review with delayed legislative override,period,1,2400,2400,1.000,0.947,0.736,0.064,0.189,0.164,0.708,0.111,0.440,0.648,0.101,0.070,0.110,0.245,0.562,0.314,0.065
low-trust-conflict,Low-trust conflict,Lower public trust and higher legislature-court conflict.,legislative-override-court,Judicial review with delayed legislative override,period,2,2400,2397,0.999,0.941,0.734,0.061,0.225,0.196,0.688,0.115,0.445,0.658,0.078,0.096,0.118,0.107,0.196,0.330,0.068
low-trust-conflict,Low-trust conflict,Lower public trust and higher legislature-court conflict.,legislative-override-court,Judicial review with delayed legislative override,period,3,2400,2400,1.000,0.942,0.735,0.057,0.204,0.191,0.685,0.113,0.441,0.700,0.049,0.105,0.095,0.073,0.035,0.174,0.053
low-trust-conflict,Low-trust conflict,Lower public trust and higher legislature-court conflict.,legislative-override-court,Judicial review with delayed legislative override,period,4,2400,2399,1.000,0.943,0.735,0.056,0.209,0.189,0.685,0.112,0.440,0.700,0.059,0.092,0.101,0.063,0.011,0.063,0.045
low-trust-conflict,Low-trust conflict,Lower public trust and higher legislature-court conflict.,accountability-retention-court,Retention-election accountability court,period,1,2400,2398,0.999,0.958,0.726,0.057,0.103,0.096,0.728,0.105,0.437,0.651,0.087,0.072,0.121,0.294,0.523,0.260,0.054
low-trust-conflict,Low-trust conflict,Lower public trust and higher legislature-court conflict.,accountability-retention-court,Retention-election accountability court,period,2,2400,2400,1.000,0.954,0.721,0.057,0.123,0.111,0.714,0.108,0.440,0.695,0.063,0.070,0.095,0.201,0.097,0.135,0.039
low-trust-conflict,Low-trust conflict,Lower public trust and higher legislature-court conflict.,accountability-retention-court,Retention-election accountability court,period,3,2400,2400,1.000,0.957,0.722,0.054,0.105,0.102,0.713,0.106,0.436,0.735,0.044,0.072,0.089,0.178,0.007,0.022,0.025
low-trust-conflict,Low-trust conflict,Lower public trust and higher legislature-court conflict.,accountability-retention-court,Retention-election accountability court,period,4,2400,2398,0.999,0.959,0.723,0.048,0.107,0.102,0.715,0.103,0.435,0.745,0.038,0.071,0.081,0.195,0.004,0.005,0.019
low-trust-conflict,Low-trust conflict,Lower public trust and higher legislature-court conflict.,independence-accountability-hybrid,Hybrid court balancing independence and accountability,period,1,2400,2400,1.000,0.970,0.739,0.001,0.154,0.148,0.766,0.092,0.442,0.686,0.076,0.066,0.114,0.338,0.506,0.266,0.043
low-trust-conflict,Low-trust conflict,Lower public trust and higher legislature-court conflict.,independence-accountability-hybrid,Hybrid court balancing independence and accountability,period,2,2400,2400,1.000,0.967,0.736,0.002,0.179,0.166,0.762,0.094,0.446,0.754,0.044,0.066,0.077,0.318,0.077,0.148,0.021
low-trust-conflict,Low-trust conflict,Lower public trust and higher legislature-court conflict.,independence-accountability-hybrid,Hybrid court balancing independence and accountability,period,3,2400,2400,1.000,0.967,0.736,0.001,0.166,0.159,0.766,0.094,0.442,0.787,0.025,0.059,0.079,0.353,0.004,0.021,0.012
low-trust-conflict,Low-trust conflict,Lower public trust and higher legislature-court conflict.,independence-accountability-hybrid,Hybrid court balancing independence and accountability,period,4,2400,2400,1.000,0.966,0.739,0.001,0.166,0.172,0.773,0.094,0.441,0.793,0.029,0.058,0.066,0.413,0.004,0.005,0.011
